{
  "dataset_size": 235,
  "gnn": {
    "mae": 43.685894277691844,
    "rmse": 126.11013463745546,
    "r2": -0.012461435859460135,
    "n_params": 109570,
    "train_time": 547.2638986110687
  }
}