{
  "Ridge": {
    "r2": 0.6763790221923321,
    "rmse": 28013.332261082225,
    "mae": 21011.812943911158,
    "cv_r2_mean": 0.762220377940173,
    "cv_r2_std": 0.09274109364585513
  },
  "RandomForest": {
    "r2": 0.6964155389054401,
    "rmse": 27132.274909698044,
    "mae": 21108.73107517026,
    "cv_r2_mean": 0.5738859389254237,
    "cv_r2_std": 0.08727579337399885
  },
  "GradientBoosting": {
    "r2": 0.627655388852959,
    "rmse": 30048.235608520197,
    "mae": 23656.539770083367,
    "cv_r2_mean": 0.6018379506699181,
    "cv_r2_std": 0.09609957788054321
  }
}