{
  "mode": "biaxial_tension",
  "energy": 3001518.656419195,
  "effective_youngs_modulus": 30000000.0,
  "effective_poissons_ratio": 0.0,
  "effective_shear_modulus": 0.0,
  "time_seconds": 0.28856945037841797,
  "displacements": [
    [
      0.0,
      0.0,
      0.0
    ],
    [
      0.10366398500726855,
      0.0,
      0.0
    ],
    [
      0.0,
      0.1036639850072685,
      0.0
    ],
    [
      0.2697643944646895,
      0.26976439446468947,
      0.0
    ],
    [
      0.280629479584292,
      0.0,
      0.0
    ],
    [
      0.5395287962321892,
      0.3211607206092586,
      0.0
    ],
    [
      0.5568124857657074,
      0.0,
      0.0
    ],
    [
      0.8440445909396215,
      0.31991207351545925,
      0.0
    ],
    [
      0.9526536757539508,
      0.0,
      0.0
    ],
    [
      1.182364128683289,
      0.3176357937844322,
      0.0
    ],
    [
      1.5,
      0.0,
      0.0
    ],
    [
      1.5,
      0.5473462725829433,
      0.0
    ],
    [
      0.0,
      0.2806294795842919,
      0.0
    ],
    [
      0.3211607206092586,
      0.5395287962321892,
      0.0
    ],
    [
      0.6075700715783693,
      0.6075700715783692,
      0.0
    ],
    [
      0.8939794389950508,
      0.6060204355042331,
      0.0
    ],
    [
      1.18008784197526,
      0.6559552946024206,
      0.0
    ],
    [
      1.5,
      0.943187443837471,
      0.0
    ],
    [
      0.0,
      0.5568124857657073,
      0.0
    ],
    [
      0.31991207351545936,
      0.8440445909396215,
      0.0
    ],
    [
      0.6060204355042333,
      0.8939794389950504,
      0.0
    ],
    [
      0.8924298025360781,
      0.8924298025360778,
      0.0
    ],
    [
      1.1788391937269505,
      0.960471090079526,
      0.0
    ],
    [
      1.5,
      1.219370456910891,
      0.0
    ],
    [
      0.0,
      0.9526536757539505,
      0.0
    ],
    [
      0.31763579378443246,
      1.182364128683289,
      0.0
    ],
    [
      0.6559552946024209,
      1.1800878419752596,
      0.0
    ],
    [
      0.9604710900795261,
      1.1788391937269505,
      0.0
    ],
    [
      1.2302355283878685,
      1.2302355283878685,
      0.0
    ],
    [
      1.5,
      1.3963359765341754,
      0.0
    ],
    [
      0.0,
      1.5,
      0.0
    ],
    [
      0.5473462725829433,
      1.5,
      0.0
    ],
    [
      0.943187443837471,
      1.5,
      0.0
    ],
    [
      1.219370456910891,
      1.5,
      0.0
    ],
    [
      1.3963359765341754,
      1.5,
      0.0
    ],
    [
      1.5,
      1.5,
      0.0
    ]
  ],
  "forces": null,
  "stresses": [
    10366398.500726854,
    10366398.50072685,
    10366398.50072685,
    26976439.446468946,
    26976439.446468953,
    17696549.457702346,
    14031473.979214594,
    32116072.060925856,
    26976440.176749967,
    27618300.61814154,
    16922220.50713884,
    31991207.351545926,
    30451579.470743228,
    39584118.998824336,
    21426057.916489426,
    31763579.378443222,
    33831953.774366766,
    54734632.42460492,
    31763583.255057152,
    54734627.25829433,
    31763587.131671086,
    14031473.979214597,
    17696549.45770234,
    26976440.176749974,
    32116072.060925856,
    21836807.562293056,
    28640935.096911058,
    28640935.09691107,
    26206625.8712081,
    28610836.198877387,
    28640936.741668157,
    28838466.57040196,
    33831950.081798844,
    28610840.29802092,
    21426059.00221086,
    39584117.12545277,
    31991215.802473992,
    16922220.507138837,
    27618300.61814154,
    30451579.470743228,
    31991207.351545937,
    26206625.87120811,
    28640936.74166812,
    28610836.198877398,
    28795900.349081736,
    28640936.70318447,
    28640936.70318447,
    26206627.368641958,
    30451579.547710538,
    28640939.119087238,
    16922222.625755224,
    27618301.307341997,
    32116080.627304956,
    21426057.91648942,
    39584118.99882432,
    33831953.774366766,
    31763579.37844325,
    28838466.570401974,
    28610840.29802092,
    33831950.08179884,
    26206627.36864195,
    28640939.11908726,
    30451579.54771053,
    21836810.364742436,
    26976443.83083425,
    26976443.83083424,
    14031477.15445545,
    17696551.962328445,
    26976447.16121315,
    31763583.25505716,
    54734632.424604945,
    31763587.131671086,
    54734627.25829433,
    21426059.002210893,
    31991215.802474037,
    39584117.12545277,
    16922222.62575523,
    32116080.627304956,
    27618301.307341997,
    14031477.15445545,
    26976447.16121315,
    17696551.962328445,
    10366402.346582457,
    10366402.34658246,
    10366402.34658246
  ],
  "strains": [
    0.010366398500726855,
    0.010366398500726851,
    0.010366398500726851,
    0.026976439446468947,
    0.026976439446468953,
    0.017696549457702347,
    0.014031473979214594,
    0.03211607206092586,
    0.026976440176749966,
    0.02761830061814154,
    0.01692222050713884,
    0.031991207351545925,
    0.03045157947074323,
    0.03958411899882434,
    0.021426057916489424,
    0.03176357937844322,
    0.03383195377436676,
    0.054734632424604926,
    0.031763583255057154,
    0.05473462725829433,
    0.03176358713167109,
    0.014031473979214597,
    0.01769654945770234,
    0.026976440176749973,
    0.03211607206092586,
    0.021836807562293056,
    0.02864093509691106,
    0.02864093509691107,
    0.026206625871208103,
    0.028610836198877387,
    0.028640936741668156,
    0.02883846657040196,
    0.033831950081798845,
    0.028610840298020922,
    0.02142605900221086,
    0.03958411712545277,
    0.03199121580247399,
    0.016922220507138836,
    0.02761830061814154,
    0.03045157947074323,
    0.03199120735154594,
    0.02620662587120811,
    0.02864093674166812,
    0.028610836198877398,
    0.028795900349081735,
    0.02864093670318447,
    0.02864093670318447,
    0.026206627368641957,
    0.03045157954771054,
    0.028640939119087237,
    0.016922222625755226,
    0.027618301307341997,
    0.032116080627304956,
    0.021426057916489417,
    0.03958411899882432,
    0.03383195377436676,
    0.03176357937844325,
    0.028838466570401976,
    0.028610840298020922,
    0.03383195008179884,
    0.02620662736864195,
    0.02864093911908726,
    0.03045157954771053,
    0.021836810364742436,
    0.02697644383083425,
    0.02697644383083424,
    0.014031477154455449,
    0.017696551962328444,
    0.026976447161213148,
    0.03176358325505716,
    0.05473463242460495,
    0.03176358713167109,
    0.05473462725829433,
    0.021426059002210892,
    0.031991215802474035,
    0.03958411712545277,
    0.016922222625755233,
    0.032116080627304956,
    0.027618301307341997,
    0.014031477154455449,
    0.026976447161213148,
    0.017696551962328444,
    0.010366402346582457,
    0.01036640234658246,
    0.01036640234658246
  ],
  "history": [],