{
  "mode": "biaxial_tension",
  "energy": 2450523.3216777146,
  "effective_youngs_modulus": 30000000.0,
  "effective_poissons_ratio": 0.0,
  "effective_shear_modulus": 0.0,
  "time_seconds": 0.15056991577148438,
  "displacements": [
    [
      0.0,
      0.12379685378427735,
      0.0
    ],
    [
      0.0,
      0.1931323945458719,
      0.0
    ],
    [
      0.25757484631114425,
      0.13624833652862908,
      0.0
    ],
    [
      0.3527132435076408,
      0.2749194223262454,
      0.0
    ],
    [
      0.13190029120365426,
      0.0,
      0.0
    ],
    [
      0.15590986757592024,
      0.26891014629429705,
      0.0
    ],
    [
      0.5047326184518092,
      0.14463108454918727,
      0.0
    ],
    [
      0.6342818278036197,
      0.2833021924652264,
      0.0
    ],
    [
      0.3832494117216281,
      0.0,
      0.0
    ],
    [
      0.4914018373674628,
      0.3851397386551552,
      0.0
    ],
    [
      0.762997705905868,
      0.11403386741628002,
      0.0
    ],
    [
      0.9415269818417665,
      0.2527050105221984,
      0.0
    ],
    [
      0.6262158453712949,
      0.0,
      0.0
    ],
    [
      0.7955536920888058,
      0.34835604169964285,
      0.0
    ],
    [
      1.0873462079877285,
      0.012464499452851746,
      0.0
    ],
    [
      1.195649039470932,
      0.15113569188484646,
      0.0
    ],
    [
      0.8997795969603493,
      0.0,
      0.0
    ],
    [
      1.0939803292511903,
      0.33539600170887496,
      0.0
    ],
    [
      1.5,
      -0.06257636449375381,
      0.0
    ],
    [
      1.5,
      0.0067592557783096585,
      0.0
    ],
    [
      1.2749128625089559,
      0.0,
      0.0
    ],
    [
      1.3839186098515595,
      0.16219437703902595,
      0.0
    ],
    [
      0.0,
      0.3446879022503674,
      0.0
    ],
    [
      0.0,
      0.41402345915796346,
      0.0
    ],
    [
      0.294598448489508,
      0.37913049911659424,
      0.0
    ],
    [
      0.37137810491508494,
      0.5178016166904824,
      0.0
    ],
    [
      0.15974452036663128,
      0.48213203092642964,
      0.0
    ],
    [
      0.6526736759135391,
      0.45019361607880903,
      0.0
    ],
    [
      0.6002775740211419,
      0.5888647550740118,
      0.0
    ],
    [
      0.46806204819892616,
      0.7120313431659028,
      0.0
    ],
    [
      0.94800700170755,
      0.43104705995757386,
      0.0
    ],
    [
      0.9228242642627221,
      0.5697182323189252,
      0.0
    ],
    [
      0.7663375421293473,
      0.6443425066161277,
      0.0
    ],
    [
      1.2822498500738404,
      0.34645471665999134,
      0.0
    ],
    [
      1.144959346635034,
      0.48512593399433046,
      0.0
    ],
    [
      1.055039870973878,
      0.6928848112865064,
      0.0
    ],
    [
      1.5,
      0.31762949098987353,
      0.0
    ],
    [
      1.5,
      0.3869651192388557,
      0.0
    ],
    [
      1.3470198553134778,
      0.4686028368486776,
      0.0
    ],
    [
      0.0,
      0.5502406057068032,
      0.0
    ],
    [
      0.0,
      0.6195761907520337,
      0.0
    ],
    [
      0.2564284510943414,
      0.6763618269330813,
      0.0
    ],
    [
      0.3895886731415109,
      0.8150330035621709,
      0.0
    ],
    [
      0.1459301411774896,
      0.7153137110813773,
      0.0
    ],
    [
      0.6341219916191407,
      0.7675091450535663,
      0.0
    ],
    [
      0.6228707935226352,
      0.9061803408826261,
      0.0
    ],
    [
      0.4834428938872197,
      1.0149223646850958,
      0.0
    ],
    [
      0.898553112412956,
      0.7675091360083397,
      0.0
    ],
    [
      0.9098043125281134,
      0.9061803646838357,
      0.0
    ],
    [
      0.7663375394496779,
      1.0068447219315044,
      0.0
    ],
    [
      1.2571003316111287,
      0.6763617800342774,
      0.0
    ],
    [
      1.1239401098342547,
      0.8150330541870825,
      0.0
    ],
    [
      1.0396590291875265,
      1.034068907553894,
      0.0
    ],
    [
      1.5,
      0.5502405590558895,
      0.0
    ],
    [
      1.5,
      0.6195762149516696,
      0.0
    ],
    [
      1.360834241182114,
      0.7288428960668398,
      0.0
    ],
    [
      0.0,
      0.811051251561541,
      0.0
    ],
    [
      0.0,
      0.8803868811584064,
      0.0
    ],
    [
      0.2397843493357381,
      0.9152031605115065,
      0.0
    ],
    [
      0.4412106272496739,
      1.0538744182565905,
      0.0
    ],
    [
      0.1772334489126569,
      0.9135180767983371,
      0.0
    ],
    [
      0.6269096148186544,
      1.115586825968074,
      0.0
    ],
    [
      0.5747824674648918,
      1.2542581083689108,
      0.0
    ],
    [
      0.4579006137527286,
      1.4080924957631116,
      0.0
    ],
    [
      0.8961922199891604,
      1.1347333449565822,
      0.0
    ],
    [
      1.0258982119436553,
      1.2734046607235683,
      0.0
    ],
    [
      0.7955536939241794,
      1.2003137962514598,
      0.0
    ],
    [
      1.2765531125255216,
      0.947878841378662,
      0.0
    ],
    [
      1.1356376729416546,
      1.0865501988841968,
      0.0
    ],
    [
      1.1274815540892482,
      1.4578362300710823,
      0.0
    ],
    [
      1.5,
      0.8381095957473454,
      0.0
    ],
    [
      1.5,
      0.9074452966855964,
      0.0
    ],
    [
      1.3625950278048902,
      1.0202338489004372,
      0.0
    ],
    [
      0.0,
      0.946649260180912,
      0.0
    ],
    [
      0.0,
      1.0159849398779406,
      0.0
    ],
    [
      0.19392342271303065,
      1.267736302833618,
      0.0
    ],
    [
      0.09879470332316856,
      1.4064076801663423,
      0.0
    ],
    [
      -0.04820833244634953,
      1.5,
      0.0
    ],
    [
      0.6786718151429308,
      1.3541482744587616,
      0.0
    ],
    [
      0.4360067845179336,
      1.492819664006828,
      0.0
    ],
    [
      0.24579774304447477,
      1.5,
      0.0
    ],
    [
      0.8971369976090682,
      1.384745457530058,
      0.0
    ],
    [
      0.8317235365246154,
      1.523416882268004,
      0.0
    ],
    [
      0.6262158434316638,
      1.5,
      0.0
    ],
    [
      1.3544388591509535,
      1.3915200353125314,
      0.0
    ],
    [
      1.2461263492434667,
      1.5301915192796336,
      0.0
    ],
    [
      1.0372312628865084,
      1.5,
      0.0
    ],
    [
      1.5,
      1.133022400375437,
      0.0
    ],
    [
      1.5,
      1.2023581595829342,
      0.0
    ],
    [
      1.4550214854454786,
      1.5,
      0.0
    ]
  ],
  "forces": null,