{
  "mode": "compression",
  "energy": 1272345.02470391,
  "effective_youngs_modulus": 1767146.4861452526,
  "effective_poissons_ratio": 0.0,
  "effective_shear_modulus": 0.0,
  "time_seconds": 0.30241870880126953,
  "displacements": [
    [
      0.0,
      0.0,
      0.0
    ],
    [
      -0.2999999400000084,
      0.0,
      0.0
    ],
    [
      0.0,
      0.0,
      0.0
    ],
    [
      -0.2999999400000084,
      0.0,
      0.0
    ],
    [
      -0.14999996850000452,
      0.0,
      0.0
    ],
    [
      -0.14999996850000452,
      0.0,
      0.0
    ],
    [
      0.0,
      0.0,
      0.0
    ],
    [
      -0.2999999400000084,
      0.0,
      0.0
    ],
    [
      -0.14999996850000452,
      0.0,
      0.0
    ],
    [
      -0.5999999040000125,
      0.0,
      0.0
    ],
    [
      -0.5999999040000125,
      0.0,
      0.0
    ],
    [
      -0.4499999175000112,
      0.0,
      0.0
    ],
    [
      -0.4499999175000112,
      0.0,
      0.0
    ],
    [
      -0.5999999040000125,
      0.0,
      0.0
    ],
    [
      -0.4499999175000112,
      0.0,
      0.0
    ],
    [
      -0.8999999160000092,
      0.0,
      0.0
    ],
    [
      -0.8999999160000092,
      0.0,
      0.0
    ],
    [
      -0.7499999025000118,
      0.0,
      0.0
    ],
    [
      -0.7499999025000118,
      0.0,
      0.0
    ],
    [
      -0.8999999160000092,
      0.0,
      0.0
    ],
    [
      -0.7499999025000118,
      0.0,
      0.0
    ],
    [
      -1.2,
      0.0,
      0.0
    ],
    [
      -1.2,
      0.0,
      0.0
    ],
    [
      -1.049999947500005,
      0.0,
      0.0
    ],
    [
      -1.049999947500005,
      0.0,
      0.0
    ],
    [
      -1.2,
      0.0,
      0.0
    ],
    [
      -1.049999947500005,
      0.0,
      0.0
    ],
    [
      0.0,
      0.0,
      0.0
    ],
    [
      -0.2999999400000084,
      0.0,
      0.0
    ],
    [
      -0.14999996850000452,
      0.0,
      0.0
    ],
    [
      0.0,
      0.0,
      0.0
    ],
    [
      -0.2999999400000084,
      0.0,
      0.0
    ],
    [
      -0.14999996850000452,
      0.0,
      0.0
    ],
    [
      -0.5999999040000125,
      0.0,
      0.0
    ],
    [
      -0.4499999175000112,
      0.0,
      0.0
    ],
    [
      -0.5999999040000125,
      0.0,
      0.0
    ],
    [
      -0.4499999175000112,
      0.0,
      0.0
    ],
    [
      -0.8999999160000092,
      0.0,
      0.0
    ],
    [
      -0.7499999025000118,
      0.0,
      0.0
    ],
    [
      -0.8999999160000092,
      0.0,
      0.0
    ],
    [
      -0.7499999025000118,
      0.0,
      0.0
    ],
    [
      -1.2,
      0.0,
      0.0
    ],
    [
      -1.049999947500005,
      0.0,
      0.0
    ],
    [
      -1.2,
      0.0,
      0.0
    ],
    [
      -1.049999947500005,
      0.0,
      0.0
    ],
    [
      0.0,
      0.0,
      0.0
    ],
    [
      -0.2999999400000084,
      0.0,
      0.0
    ],
    [
      -0.14999996850000452,
      0.0,
      0.0
    ],
    [
      0.0,
      0.0,
      0.0
    ],
    [
      -0.2999999400000084,
      0.0,
      0.0
    ],
    [
      -0.14999996850000452,
      0.0,
      0.0
    ],
    [
      -0.5999999040000125,
      0.0,
      0.0
    ],
    [
      -0.4499999175000112,
      0.0,
      0.0
    ],
    [
      -0.5999999040000125,
      0.0,
      0.0
    ],
    [
      -0.4499999175000112,
      0.0,
      0.0
    ],
    [
      -0.8999999160000092,
      0.0,
      0.0
    ],
    [
      -0.7499999025000118,
      0.0,
      0.0
    ],
    [
      -0.8999999160000092,
      0.0,
      0.0
    ],
    [
      -0.7499999025000118,
      0.0,
      0.0
    ],
    [
      -1.2,
      0.0,
      0.0
    ],
    [
      -1.049999947500005,
      0.0,
      0.0
    ],
    [
      -1.2,
      0.0,
      0.0
    ],
    [
      -1.049999947500005,
      0.0,
      0.0
    ],
    [
      0.0,
      0.0,
      0.0
    ],
    [
      -0.2999999400000084,
      0.0,
      0.0
    ],
    [
      -0.14999996850000452,
      0.0,
      0.0
    ],
    [
      0.0,
      0.0,
      0.0
    ],
    [
      -0.2999999400000084,
      0.0,
      0.0
    ],
    [
      -0.14999996850000452,
      0.0,
      0.0
    ],
    [
      -0.5999999040000125,
      0.0,
      0.0
    ],
    [
      -0.4499999175000112,
      0.0,
      0.0
    ],
    [
      -0.5999999040000125,
      0.0,
      0.0
    ],
    [
      -0.4499999175000112,
      0.0,
      0.0
    ],
    [
      -0.8999999160000092,
      0.0,
      0.0
    ],
    [
      -0.7499999025000118,
      0.0,
      0.0
    ],
    [
      -0.8999999160000092,
      0.0,
      0.0
    ],
    [
      -0.7499999025000118,
      0.0,
      0.0
    ],
    [
      -1.2,
      0.0,
      0.0
    ],
    [
      -1.049999947500005,
      0.0,
      0.0
    ],
    [
      -1.2,
      0.0,
      0.0
    ],
    [
      -1.049999947500005,
      0.0,
      0.0
    ]
  ],
  "forces": [
    -235619.39953915734,
    -235619.4042515453,
    0.0,
    0.0,
    0.0,
    0.0,
    -235619.39953915734,
    -235619.4042515453,
    0.0,
    0.0,
    -235619.39953915734,
    -235619.4042515453,
    -235619.4136763216,
    -235619.42781348605,
    0.0,
    0.0,
    -235619.4136763216,
    -235619.42781348605,
    0.0,
    0.0,
    -235619.4136763216,
    -235619.42781348605,
    -235619.446663039,
    -235619.4702249808,
    0.0,
    0.0,
    -235619.446663039,
    -235619.4702249808,
    0.0,
    0.0,
    -235619.446663039,
    -235619.4702249808,
    -235619.4984993123,
    -235619.53148603372,
    0.0,
    0.0,
    -235619.4984993123,
    -235619.53148603372,
    0.0,
    0.0,
    -235619.4984993123,
    -235619.53148603372,
    0.0,
    0.0,
    0.0,
    0.0,
    -235619.39953915734,
    -235619.4042515453,
    0.0,
    0.0,
    -235619.39953915734,
    -235619.4042515453,
    0.0,
    0.0,
    -235619.4136763216,
    -235619.42781348605,
    0.0,
    0.0,
    -235619.4136763216,
    -235619.42781348605,
    0.0,
    0.0,
    -235619.446663039,
    -235619.4702249808,
    0.0,
    0.0,
    -235619.446663039,
    -235619.4702249808,
    0.0,
    0.0,
    -235619.4984993123,
    -235619.53148603372,
    0.0,
    0.0,
    -235619.4984993123,
    -235619.53148603372,
    0.0,
    0.0,
    0.0,
    0.0,
    -235619.39953915734,
    -235619.4042515453,
    0.0,
    0.0,
    -235619.39953915734,
    -235619.4042515453,
    0.0,
    0.0,
    -235619.4136763216,
    -235619.42781348605,
    0.0,
    0.0,
    -235619.4136763216,
    -235619.42781348605,
    0.0,
    0.0,
    -235619.446663039,
    -235619.4702249808,
    0.0,
    0.0,
    -235619.446663039,
    -235619.4702249808,
    0.0,
    0.0,
    -235619.4984993123,
    -235619.53148603372,
    0.0,
    0.0,
    -235619.4984993123,
    -235619.53148603372,
    0.0,
    0.0,
    0.0,
    0.0,
    -235619.39953915734,
    -235619.4042515453,
    0.0,
    0.0,
    -235619.39953915734,
    -235619.4042515453,
    0.0,
    0.0,
    -235619.4136763216,
    -235619.42781348605,
    0.0,
    0.0,
    -235619.4136763216,
    -235619.42781348605,
    0.0,
    0.0,
    -235619.446663039,
    -235619.4702249808,
    0.0,
    0.0,
    -235619.446663039,
    -235619.4702249808,
    0.0,
    0.0,
    -235619.4984993123,
    -235619.53148603372,
    0.0,
    0.0,
    -235619.4984993123,
    -235619.53148603372
  ],