{
  "mode": "dynamics",
  "energy": 0.0,
  "effective_youngs_modulus": 0.0,
  "effective_poissons_ratio": 0.0,
  "effective_shear_modulus": 0.0,
  "time_seconds": 6.296965837478638,
  "displacements": [
    [
      0.0,
      0.0,
      0.0
    ],
    [
      0.0,
      0.0,
      0.0
    ],
    [
      0.0,
      -1.247890679678676e-13,
      0.0
    ],
    [
      7.037925797703792e-12,
      3.5198510772715963e-12,
      0.0
    ],
    [
      0.0,
      0.0,
      0.0
    ],
    [
      0.0,
      0.0,
      0.0
    ],
    [
      6.521187145835938e-08,
      -3.159643391370537e-08,
      0.0
    ],
    [
      3.7573331113094355e-07,
      1.8776145349619355e-07,
      0.0
    ],
    [
      1.9018564501038782e-10,
      9.564156251174892e-11,
      0.0
    ],
    [
      2.1798527427563386e-09,
      0.0,
      0.0
    ],
    [
      0.004285811764336955,
      -0.0019440432459068013,
      0.0
    ],
    [
      0.009076564674501242,
      0.003996358396928912,
      0.0
    ],
    [
      1.8916019257630978e-05,
      9.514489894972676e-06,
      0.0
    ],
    [
      8.080984330760543e-05,
      2.1580390807685035e-08,
      0.0
    ],
    [
      40.0,
      0.0,
      0.0
    ],
    [
      40.0,
      0.0,
      0.0
    ],
    [
      0.5702615246894638,
      0.05355134353465331,
      0.0
    ],
    [
      1.1199948331569374,
      2.7022105442142674e-08,
      0.0
    ],
    [
      0.0,
      0.0,
      0.0
    ],
    [
      0.0,
      0.0,
      0.0
    ],
    [
      7.037925797703792e-12,
      -3.3644198538240744e-12,
      0.0
    ],
    [
      7.045031225061393e-12,
      2.8705926524708048e-12,
      0.0
    ],
    [
      0.0,
      0.0,
      0.0
    ],
    [
      3.7564666754974496e-07,
      -1.8687141078999048e-07,
      0.0
    ],
    [
      3.758610986892563e-07,
      1.8697920722843264e-07,
      0.0
    ],
    [
      2.1821744411454347e-09,
      0.0,
      0.0
    ],
    [
      0.009076583697034124,
      -0.003978717409857779,
      0.0
    ],
    [
      0.009076583709301644,
      0.003978717319998992,
      0.0
    ],
    [
      8.085243009503529e-05,
      0.0,
      0.0
    ],
    [
      40.0,
      0.0,
      0.0
    ],
    [
      40.0,
      0.0,
      0.0
    ],
    [
      1.1199947988864096,
      0.0,
      0.0
    ],
    [
      0.0,
      0.0,
      0.0
    ],
    [
      0.0,
      0.0,
      0.0
    ],
    [
      7.045031225061393e-12,
      -2.8776980798284058e-12,
      0.0
    ],
    [
      7.037925797703792e-12,
      2.8741453661496053e-12,
      0.0
    ],
    [
      0.0,
      0.0,
      0.0
    ],
    [
      3.758610986892563e-07,
      -1.8697920722843264e-07,
      0.0
    ],
    [
      3.7564666754974496e-07,
      1.8687139657913576e-07,
      0.0
    ],
    [
      2.1798527427563386e-09,
      0.0,
      0.0
    ],
    [
      0.009076583709301644,
      -0.003978717319998992,
      0.0
    ],
    [
      0.009076583697034124,
      0.00397871740977962,
      0.0
    ],
    [
      8.080984330760543e-05,
      -2.1580451203817574e-08,
      0.0
    ],
    [
      40.0,
      0.0,
      0.0
    ],
    [
      40.0,
      0.0,
      0.0
    ],
    [
      1.1199948331569374,
      -2.70220255060849e-08,
      0.0
    ],
    [
      0.0,
      0.0,
      0.0
    ],
    [
      0.0,
      0.0,
      0.0
    ],
    [
      7.037925797703792e-12,
      -2.1458390619955026e-12,
      0.0
    ],
    [
      0.0,
      0.0,
      0.0
    ],
    [
      0.0,
      0.0,
      0.0
    ],
    [
      3.7573331113094355e-07,
      -1.8776127319597435e-07,
      0.0
    ],
    [
      6.521186435293203e-08,
      3.159610884040376e-08,
      0.0
    ],
    [
      1.9018919772406662e-10,
      -9.470824124946375e-11,
      0.0
    ],
    [
      0.009076564674501242,
      -0.003996358396925359,
      0.0
    ],
    [
      0.004285811764336955,
      0.0019440432455297696,
      0.0
    ],
    [
      1.8916019257630978e-05,
      -9.514489953232896e-06,
      0.0
    ],
    [
      40.0,
      0.0,
      0.0
    ],
    [
      40.0,
      0.0,
      0.0
    ],
    [
      0.5702615246894638,
      -0.05355134353474966,
      0.0
    ]
  ],
  "forces": null,
  "stresses": null,
  "strains": null,
  "history": [
    {
      "step": 1000,
      "max_stretch": 2.3641433079510574
    },
    {
      "step": 2000,
      "max_stretch": 3.7669226319625255
    },
    {
      "step": 3000,
      "max_stretch": 5.170207477520692
    },
    {
      "step": 4000,
      "max_stretch": 6.568387032249417
    },
    {
      "step": 5000,
      "max_stretch": 7.959872907554663
    }
  ],