{
  "mode": "dynamics",
  "energy": 0.0,
  "effective_youngs_modulus": 0.0,
  "effective_poissons_ratio": 0.0,
  "effective_shear_modulus": 0.0,
  "time_seconds": 8.971179246902466,
  "displacements": [
    [
      0.0,
      0.0,
      0.0
    ],
    [
      0.0,
      0.0,
      0.0
    ],
    [
      14.409574018975857,
      2.801262811507315,
      0.0
    ],
    [
      19.931386611052606,
      2.523782605254395,
      0.0
    ],
    [
      0.0,
      0.0,
      0.0
    ],
    [
      10.316151609341132,
      0.5912589110685964,
      0.0
    ],
    [
      37.09907470255048,
      3.87385499836127,
      0.0
    ],
    [
      39.156135180426496,
      4.125890057656893,
      0.0
    ],
    [
      26.379194025437386,
      6.639721114370731,
      0.0
    ],
    [
      29.97677438562024,
      1.6203117446549644,
      0.0
    ],
    [
      60.0,
      0.0,
      0.0
    ],
    [
      60.0,
      0.0,
      0.0
    ],
    [
      46.73962628422089,
      4.047792692881216,
      0.0
    ],
    [
      47.88091553216546,
      1.2279722331977982,
      0.0
    ],
    [
      0.0,
      0.0,
      0.0
    ],
    [
      0.0,
      0.0,
      0.0
    ],
    [
      20.688218909274717,
      -0.5165600429763533,
      0.0
    ],
    [
      20.828297843452177,
      0.4077615222890927,
      0.0
    ],
    [
      10.523565392221172,
      -0.8875071112334751,
      0.0
    ],
    [
      39.21889257281555,
      -0.42168177845167243,
      0.0
    ],
    [
      39.30886814717184,
      0.35575388595274404,
      0.0
    ],
    [
      30.237641630700878,
      -1.9713585142967176,
      0.0
    ],
    [
      60.0,
      0.0,
      0.0
    ],
    [
      60.0,
      0.0,
      0.0
    ],
    [
      47.92162138907314,
      -1.253901974905073,
      0.0
    ],
    [
      0.0,
      0.0,
      0.0
    ],
    [
      0.0,
      0.0,
      0.0
    ],
    [
      20.805804416065296,
      -4.148247766652833,
      0.0
    ],
    [
      19.24787780783898,
      -4.611489322123106,
      0.0
    ],
    [
      9.563329463949241,
      -6.045497251929646,
      0.0
    ],
    [
      39.28734836349348,
      -4.283740380243245,
      0.0
    ],
    [
      38.03981789433317,
      -3.95909154194009,
      0.0
    ],
    [
      28.778608602220743,
      -7.39758758098246,
      0.0
    ],
    [
      60.0,
      0.0,
      0.0
    ],
    [
      60.0,
      0.0,
      0.0
    ],
    [
      47.04017259877352,
      -4.030138732691938,
      0.0
    ]
  ],
  "forces": null,
  "stresses": null,
  "strains": null,
  "history": [
    {
      "step": 1000,
      "max_stretch": 2.644712434659417
    },
    {
      "step": 2000,
      "max_stretch": 3.1674931765598338
    },
    {
      "step": 3000,
      "max_stretch": 3.2205332298382134
    },
    {
      "step": 4000,
      "max_stretch": 3.2030772493499104
    },
    {
      "step": 5000,
      "max_stretch": 3.5992663741146935
    }
  ],
  "deformed_positions": [
    [
      0.0,
      2.5,
      0.0
    ],
    [
      0.0,
      7.5,
      0.0
    ],
    [
      24.409574018975857,
      5.301262811507315,
      0.0
    ],
    [
      29.931386611052606,
      10.023782605254395,
      0.0
    ],
    [
      5.0,
      0.0,
      0.0
    ],
    [
      15.316151609341132,
      10.591258911068596,
      0.0
    ],
    [
      57.09907470255048,
      6.37385499836127,
      0.0
    ],
    [
      59.156135180426496,
      11.625890057656893,
      0.0
    ],
    [
      41.379194025437386,
      6.639721114370731,
      0.0
    ],
    [
      44.97677438562024,
      11.620311744654964,
      0.0
    ],
    [
      90.0,
      2.5,
      0.0
    ],
    [
      90.0,
      7.5,
      0.0
    ],
    [
      71.73962628422089,
      4.047792692881216,
      0.0
    ],
    [
      72.88091553216546,
      11.227972233197798,
      0.0
    ],
    [
      0.0,
      12.5,
      0.0
    ],
    [
      0.0,
      17.5,
      0.0
    ],
    [
      30.688218909274717,
      11.983439957023647,
      0.0
    ],
    [
      30.828297843452177,
      17.907761522289093,
      0.0
    ],
    [
      15.523565392221172,
      19.112492888766525,
      0.0
    ],
    [
      59.21889257281555,
      12.078318221548328,
      0.0
    ],
    [
      59.30886814717184,
      17.855753885952744,
      0.0
    ],
    [
      45.23764163070088,
      18.028641485703282,
      0.0
    ],
    [
      90.0,
      12.5,
      0.0
    ],
    [
      90.0,
      17.5,
      0.0
    ],
    [
      72.92162138907314,
      18.746098025094927,
      0.0
    ],
    [
      0.0,
      22.5,
      0.0
    ],
    [
      0.0,
      27.5,
      0.0
    ],
    [
      30.805804416065296,
      18.351752233347167,
      0.0
    ],
    [
      29.24787780783898,
      22.888510677876894,
      0.0
    ],
    [
      14.563329463949241,
      23.954502748070354,
      0.0
    ],
    [
      59.28734836349348,
      18.216259619756755,
      0.0
    ],
    [
      58.03981789433317,
      23.54090845805991,
      0.0
    ],
    [
      43.77860860222074,
      22.60241241901754,
      0.0
    ],
    [
      90.0,
      22.5,
      0.0
    ],
    [
      90.0,
      27.5,
      0.0
    ],
    [
      72.04017259877352,
      25.96986126730806,
      0.0
    ]
  ]
}