{
  "mode": "dynamics",
  "energy": 0.0,
  "effective_youngs_modulus": 0.0,
  "effective_poissons_ratio": 0.0,
  "effective_shear_modulus": 0.0,
  "time_seconds": 8.588315963745117,
  "displacements": [
    [
      0.0,
      0.0,
      0.0
    ],
    [
      0.0,
      0.0,
      0.0
    ],
    [
      3.3443808941663615,
      0.7128676810843788,
      0.0
    ],
    [
      5.797992896302135,
      1.4854560967132588,
      0.0
    ],
    [
      0.0,
      0.0,
      0.0
    ],
    [
      2.663951640015414,
      0.15451510776330757,
      0.0
    ],
    [
      13.203643071579904,
      3.493548860813574,
      0.0
    ],
    [
      15.330878551996634,
      3.226121555363548,
      0.0
    ],
    [
      7.695796415108724,
      4.830606779256514,
      0.0
    ],
    [
      10.411480018487978,
      0.8456996719426879,
      0.0
    ],
    [
      25.28266449276991,
      3.9769430361573717,
      0.0
    ],
    [
      26.442193209672105,
      4.226859838668723,
      0.0
    ],
    [
      19.09674509380021,
      7.225181597587491,
      0.0
    ],
    [
      20.848495241004905,
      1.7958813078467895,
      0.0
    ],
    [
      40.0,
      0.0,
      0.0
    ],
    [
      40.0,
      0.0,
      0.0
    ],
    [
      31.282090096747822,
      3.7280301306318417,
      0.0
    ],
    [
      32.08616761241592,
      1.2175164963609557,
      0.0
    ],
    [
      0.0,
      0.0,
      0.0
    ],
    [
      0.0,
      0.0,
      0.0
    ],
    [
      5.951319891019542,
      -0.5598087943376786,
      0.0
    ],
    [
      6.176365543986481,
      0.8391443628027133,
      0.0
    ],
    [
      2.8197462725702005,
      0.00021454646327967453,
      0.0
    ],
    [
      15.413993931363528,
      -0.09194528160067428,
      0.0
    ],
    [
      15.687801720138744,
      1.0008222532951052,
      0.0
    ],
    [
      10.73432065933062,
      -0.00029920202173983057,
      0.0
    ],
    [
      26.463843646082246,
      0.02782285321171507,
      0.0
    ],
    [
      26.570090305405515,
      1.191609458000709,
      0.0
    ],
    [
      21.073054900895663,
      0.00018353716843932943,
      0.0
    ],
    [
      40.0,
      0.0,
      0.0
    ],
    [
      40.0,
      0.0,
      0.0
    ],
    [
      32.11631197195479,
      0.00024299235445113254,
      0.0
    ],
    [
      0.0,
      0.0,
      0.0
    ],
    [
      0.0,
      0.0,
      0.0
    ],
    [
      6.176737976233568,
      -0.8394009374615621,
      0.0
    ],
    [
      5.953940458779625,
      0.5588770239257848,
      0.0
    ],
    [
      2.6680873514809944,
      -0.16052365907388122,
      0.0
    ],
    [
      15.687866810122102,
      -1.0012500049649304,
      0.0
    ],
    [
      15.41699830255886,
      0.09063043961707251,
      0.0
    ],
    [
      10.421921898752213,
      -0.859280908136931,
      0.0
    ],
    [
      26.570137469823358,
      -1.1915984502353538,
      0.0
    ],
    [
      26.46409369317675,
      -0.027915776396213232,
      0.0
    ],
    [
      20.849685505037627,
      -1.7960712129438683,
      0.0
    ],
    [
      40.0,
      0.0,
      0.0
    ],
    [
      40.0,
      0.0,
      0.0
    ],
    [
      32.08640404040648,
      -1.2172229133373733,
      0.0
    ],
    [
      0.0,
      0.0,
      0.0
    ],
    [
      0.0,
      0.0,
      0.0
    ],
    [
      5.838256620680328,
      -1.6044922981693297,
      0.0
    ],
    [
      3.835774555640537,
      -0.9257085697063587,
      0.0
    ],
    [
      1.4149707244679126,
      -1.0876822654126528,
      0.0
    ],
    [
      15.334774036867948,
      -3.2305431064745846,
      0.0
    ],
    [
      13.24466083964716,
      -3.4935851289869717,
      0.0
    ],
    [
      7.853035025586273,
      -4.843265294060693,
      0.0
    ],
    [
      26.44258921850198,
      -4.2271189005162775,
      0.0
    ],
    [
      25.28485504243271,
      -3.977265977530976,
      0.0
    ],
    [
      19.106515196688747,
      -7.226800348796154,
      0.0
    ],
    [
      40.0,
      0.0,
      0.0
    ],
    [
      40.0,
      0.0,
      0.0
    ],
    [
      31.282529769542563,
      -3.727943111089587,
      0.0
    ]
  ],
  "forces": null,
  "stresses": null,
  "strains": null,
  "history": [
    {
      "step": 1000,
      "max_stretch": 2.081903807755644
    },
    {
      "step": 2000,
      "max_stretch": 2.418780241284867
    },
    {
      "step": 3000,
      "max_stretch": 2.479007224172614
    },
    {
      "step": 4000,
      "max_stretch": 2.44598359197063
    },
    {
      "step": 5000,
      "max_stretch": 2.463747455340235
    }
  ],