{
  "mode": "biaxial",
  "applied_strain": 0.01,
  "effective_youngs_modulus": 4396427.562387539,
  "effective_poissons_ratio": 0.0,
  "strain_energy": 1098685.6747331193,
  "solve_time": 0.007923603057861328,
  "n_nodes": 90,
  "n_elements": 130,
  "displacements": [
    [
      4.041332839206337e-18,
      8.150637641870882e-15,
      -0.0002913772040397719
    ],
    [
      1.628442984758958e-14,
      0.02332842000584526,
      0.0032037907927195053
    ],
    [
      0.06274920450171974,
      0.00491306576644236,
      -0.0030195468856563687
    ],
    [
      0.09436718094583582,
      0.05153172318246379,
      -0.0025735707238157446
    ],
    [
      1.6297695947026487e-14,
      8.144457861735243e-15,
      -0.002347653355705089
    ],
    [
      0.040151648279162636,
      0.0733719908910194,
      0.00113881247189315
    ],
    [
      0.18323299261592355,
      0.014801823294529858,
      -0.002392588859828897
    ],
    [
      0.1995232669479291,
      0.06141066055207812,
      -0.0009168834853164849
    ],
    [
      0.12546051689938684,
      1.6278550528738862e-14,
      0.0028360150406096384
    ],
    [
      0.14449716795419587,
      0.08161809036940643,
      0.002014780871124618
    ],
    [
      0.2945293428298385,
      0.023254637022915078,
      -0.0012504712112652008
    ],
    [
      0.3036360201345197,
      0.06987147555781868,
      -0.0008106165843487687
    ],
    [
      0.24099237116642036,
      1.6281586366063882e-14,
      0.002178447078404471
    ],
    [
      0.24946318505417145,
      0.09182432755443166,
      0.001569791565413603
    ],
    [
      0.4021741822852898,
      0.022090075638314235,
      -0.001110131833051902
    ],
    [
      0.4073241754029386,
      0.06871138897530066,
      0.00023033910905499242
    ],
    [
      0.34805982437524635,
      1.6283601504665496e-14,
      0.000415370813049039
    ],
    [
      0.3557802514667294,
      0.09589618681678568,
      0.0012157503691782878
    ],
    [
      0.4999999999999838,
      0.042886308858943865,
      0.0024097239877064725
    ],
    [
      0.49999999999998374,
      0.06620124509058622,
      -0.002601277018054422
    ],
    [
      0.456285077141699,
      1.6286557813826015e-14,
      0.0027944082676993887
    ],
    [
      0.45428714560791306,
      0.10507205461182932,
      0.0006381294389251916
    ],
    [
      1.6273401814829915e-14,
      0.12332716213248458,
      -0.004100737493397102
    ],
    [
      1.6290910975702497e-14,
      0.14664267180461993,
      0.0016905601422942875
    ],
    [
      0.09026916625044942,
      0.10342944809208403,
      -0.0006697760383744643
    ],
    [
      0.10127512453516609,
      0.15004148339120416,
      -0.0012657950218726284
    ],
    [
      0.04980444271035802,
      0.17737200378498064,
      0.00022044931383985927
    ],
    [
      0.19443753806064035,
      0.11208406866767896,
      -0.0008578104479477993
    ],
    [
      0.20808505805987884,
      0.15870978280020648,
      -0.0011366225134261617
    ],
    [
      0.15250552051432859,
      0.17787677695151666,
      0.0013389053221377996
    ],
    [
      0.30161320727839674,
      0.11782877619503057,
      -0.001448321171392658
    ],
    [
      0.3137697060723796,
      0.1644368175300547,
      0.0004740801841375164
    ],
    [
      0.25953271575596476,
      0.1861747568036164,
      0.0025278579331586494
    ],
    [
      0.40274320163160243,
      0.13229801915293019,
      0.00027589954402962633
    ],
    [
      0.406735233690388,
      0.17893163742122475,
      -0.0006694694314659583
    ],
    [
      0.3566155827382965,
      0.20900152963653293,
      0.0016709090424167703
    ],
    [
      0.49999999999998385,
      0.14395190669836003,
      0.0024784335158281037
    ],
    [
      0.4999999999999837,
      0.16726599077419751,
      -0.003081926289290865
    ],
    [
      0.456292888923974,
      0.21013538289444017,
      0.00019667479405334536
    ],
    [
      1.6277157574213306e-14,
      0.208016319489828,
      -0.0009024085165762126
    ],
    [
      1.627887910935322e-14,
      0.23131920089919486,
      0.0007566936484220327
    ],
    [
      0.10103225510741425,
      0.20523527272473216,
      -0.0009311353375894794
    ],
    [
      0.10935025346554898,
      0.2518621570454073,
      -0.0009225251398875621
    ],
    [
      0.04950556675526655,
      0.2625703340132955,
      0.0009227255339197517
    ],
    [
      0.20396232554130742,
      0.20522990472103889,
      -0.002171738162548172
    ],
    [
      0.22316294836591288,
      0.2518205543410096,
      0.0015799743063846033
    ],
    [
      0.16634027925586226,
      0.2682904739547705,
      0.0037221477679669733
    ],
    [
      0.30237224751997926,
      0.23086423248208587,
      0.0013897168792303914
    ],
    [
      0.3054460005222209,
      0.2775134028985425,
      -0.0011031044898728666
    ],
    [
      0.2578492112899115,
      0.31264755585857545,
      0.002577069579743058
    ],
    [
      0.4061704937790217,
      0.24017816962910965,
      -0.00026246896160196485
    ],
    [
      0.4059434921208776,
      0.2867957238502941,
      0.0005383678372167989
    ],
    [
      0.35338640424163953,
      0.31197027602898153,
      0.0002787163068422341
    ],
    [
      0.49999999999998374,
      0.25305368954305996,
      0.003156743076783451
    ],
    [
      0.4999999999999837,
      0.27637555233834543,
      -0.00309272576371406
    ],
    [
      0.45556675751432524,
      0.31784145532138175,
      0.0003319952819634821
    ],
    [
      1.6284340833060954e-14,
      0.2939188883796974,
      0.0005279442720918249
    ],
    [
      1.6324497028010944e-14,
      0.3172459830811703,
      -0.005657344496760382
    ],
    [
      0.10652635420068556,
      0.2787217019231411,
      -0.004500211777382239
    ],
    [
      0.1360778393171427,
      0.3252611400948345,
      0.006270859971047649
    ],
    [
      0.06619835927954211,
      0.31539719560109974,
      0.00659961200252702
    ],
    [
      0.20100723558870887,
      0.3293719795341195,
      0.004352851312404346
    ],
    [
      0.1929215978531255,
      0.37604911683570064,
      -0.0012579934011601986
    ],
    [
      0.15173149962491522,
      0.4240217155400284,
      0.004656496103225379
    ],
    [
      0.30577749260184384,
      0.34704809585179086,
      0.0006086383406567786
    ],
    [
      0.29249441803241677,
      0.39366716711326954,
      0.0016614148878932647
    ],
    [
      0.2383028002011622,
      0.41562571540291804,
      -0.0012901338226971165
    ],
    [
      0.4030075816603738,
      0.34305040194306213,
      0.0008880492493237817
    ],
    [
      0.39851161103837,
      0.38968053748671405,
      0.0003493877596487734
    ],
    [
      0.3464922245086682,
      0.4159840251603261,
      -0.0006219799937581074
    ],
    [
      0.4999999999999838,
      0.359276282514921,
      0.002501705280743821
    ],
    [
      0.4999999999999837,
      0.38259240831798236,
      -0.001524685359905384
    ],
    [
      0.4510281463211551,
      0.41498399399796965,
      -0.0001330369483240503
    ],
    [
      1.623468486718491e-14,
      0.31276534100080977,
      -0.0019006063695339236
    ],
    [
      1.6332712679961165e-14,
      0.33596392819222054,
      0.01663847646824488
    ],
    [
      0.08179718860865547,
      0.41469466449584746,
      0.014290901689244316
    ],
    [
      0.029572747694148627,
      0.4614185828299678,
      -0.0002333888430451222
    ],
    [
      -0.016573495410125965,
      0.4999999999999836,
      0.014358178525017978
    ],
    [
      0.19707295624268276,
      0.46355541698278746,
      0.003306683100955418
    ],
    [
      0.145903709973833,
      0.510191673825821,
      0.004843080592434482
    ],
    [
      0.07554688531669226,
      0.4999999999999838,
      0.006163309204230824
    ],
    [
      0.29230056884005734,
