{
  "mode": "compression",
  "applied_strain": -0.01,
  "effective_youngs_modulus": -24060.617107876893,
  "effective_poissons_ratio": 1.8533613281141184,
  "strain_energy": 3007.5771384851305,
  "solve_time": 0.009408712387084961,
  "n_nodes": 90,
  "n_elements": 130,
  "displacements": [
    [
      -6.288436929093383e-17,
      3.9970869073125017e-28,
      -0.021898377134867145
    ],
    [
      -5.377671056420879e-17,
      -1.7323179339701116e-05,
      0.021557533273639885
    ],
    [
      -0.11271809458594145,
      0.026176425363903598,
      0.0013082417136747288
    ],
    [
      -0.10151985379685934,
      0.026191577500452496,
      0.00022240389315597445
    ],
    [
      -0.04982462490364298,
      -0.0992296118002666,
      0.009072835585685871
    ],
    [
      -0.05728673241020061,
      0.11419023373899781,
      0.0017323966601430001
    ],
    [
      -0.2035189279818408,
      0.05008025282253775,
      0.00023593008418187786
    ],
    [
      -0.2019709206344664,
      0.05008242386532969,
      0.00015045341499913135
    ],
    [
      -0.1521437680690488,
      -0.05223190828291725,
      0.003199385531353028
    ],
    [
      -0.15770511032259818,
      0.13816027513490595,
      0.002280142855862559
    ],
    [
      -0.2964810720179395,
      0.05008025282291407,
      -0.00023593008411025443
    ],
    [
      -0.298029079365547,
      0.05008242386570596,
      -0.00015045341494229566
    ],
    [
      -0.24999999999979608,
      -0.04243455951471266,
      3.853336106612386e-14
    ],
    [
      -0.25000000000010064,
      0.14569654337866342,
      5.982676621714156e-14
    ],
    [
      -0.38728190541383817,
      0.026176425365456432,
      -0.0013082417136342772
    ],
    [
      -0.39848014620307814,
      0.026191577502005382,
      -0.00022240389306334225
    ],
    [
      -0.347856231930437,
      -0.052231908281951595,
      -0.0031993855312045646
    ],
    [
      -0.3422948896776714,
      0.13816027513579454,
      -0.0022801428557273607
    ],
    [
      -0.4999999999999999,
      2.560245470862778e-12,
      0.021898377134933616
    ],
    [
      -0.5,
      -1.732317678053843e-05,
      -0.02155753327361476
    ],
    [
      -0.4501753750959949,
      -0.09922961179842961,
      -0.009072835585561486
    ],
    [
      -0.44271326759001833,
      0.1141902337411139,
      -0.0017323966600586614
    ],
    [
      -8.21302873026952e-17,
      0.2281987295302654,
      -0.021847493914256663
    ],
    [
      -6.814440602228845e-17,
      0.22815247565091676,
      0.019983452350483568
    ],
    [
      -0.11347751813195547,
      0.2262034270064835,
      0.0007007500216248305
    ],
    [
      -0.1017363705636768,
      0.22623691112618396,
      -0.001683203924463906
    ],
    [
      -0.05041251849031064,
      0.3284770659830159,
      2.9785980451229292e-05
    ],
    [
      -0.20573022014100517,
      0.23383116268744755,
      -0.00041375947268419667
    ],
    [
      -0.1987283280316668,
      0.23384393244709667,
      0.0001089101693278774
    ],
    [
      -0.1521139481000605,
      0.3266213661225798,
      0.0006892827198629966
    ],
    [
      -0.29426977985945213,
      0.23383116268796028,
      0.00041375947268203027
    ],
    [
      -0.3012716719683702,
      0.23384393244760965,
      -0.00010891016931915182
    ],
    [
      -0.2500000000001466,
      0.3359653634457309,
      7.780960740909576e-14
    ],
    [
      -0.3865224818685951,
      0.22620342700793353,
      -0.0007007500215853061
    ],
    [
      -0.39826362943639826,
      0.22623691112763328,
      0.0016832039244202407
    ],
    [
      -0.3478860519002286,
      0.32662136612359804,
      -0.0006892827197415058
    ],
    [
      -0.49999999999999994,
      0.22819872953194578,
      0.021847493914160944
    ],
    [
      -0.49999999999999994,
      0.2281524756525971,
      -0.01998345235044053
    ],
    [
      -0.4495874815097847,
      0.32847706598450543,
      -2.9785980408530053e-05
    ],
    [
      -6.746533830458953e-17,
      0.42882485875127774,
      -0.019337740115858437
    ],
    [
      -6.746533830435956e-17,
      0.42878428536897717,
      0.01933774011582933
    ],
    [
      -0.10079986721792411,
      0.4287978481823239,
      -0.00035799300172135556
    ],
    [
      -0.10079986721765265,
      0.42881129593807865,
      0.0003579930016796305
    ],
    [
      -0.05041251849021178,
      0.5291320781370422,
      -2.978598041372167e-05
    ],
    [
      -0.20339212834226533,
      0.4287910092471111,
      0.0009606638146524419
    ],
    [
      -0.20339212834182313,
      0.4288181348736578,
      -0.0009606638146887019
    ],
    [
      -0.1521139480997943,
      0.5309877779978354,
      -0.0006892827197436312
    ],
    [
      -0.2966078716582798,
      0.4287910092476155,
      -0.0009606638146734168
    ],
    [
      -0.29660787165796776,
      0.4288181348741618,
      0.0009606638146524772
    ],
    [
      -0.250000000000021,
      0.5216437806756719,
      6.878278690912502e-14
    ],
    [
      -0.3992001327823856,
      0.42879784818338545,
      0.00035799300169628767
    ],
    [
      -0.3992001327821988,
      0.4288112959391401,
      -0.00035799300170245916
    ],
    [
      -0.3478860519001658,
      0.530987777998678,
      0.0006892827198543667
    ],
    [
      -0.5,
      0.4288248587525771,
      0.019337740115822517
    ],
    [
      -0.5,
      0.42878428537027646,
      -0.019337740115833984
    ],
    [
      -0.4495874815097731,
      0.5291320781383704,
      2.978598045596871e-05
    ],
    [
      -6.814440602247409e-17,
      0.6294566684689428,
      -0.019983452350429986
    ],
    [
      -8.213028730227617e-17,
      0.6294104145895941,
      0.021847493914126687
    ],
    [
      -0.1017363705635829,
      0.6313722329938833,
      0.0016832039243941535
    ],
    [
      -0.11347751813121984,
      0.6314057171135828,
      -0.0007007500215697978
    ],
    [
      -0.057286732409882996,
      0.7434189103802288,
      -0.0017323966600329196
    ],
    [
      -0.1987283280317172,
      0.6237652116739529,
      -0.00010891016932697044
    ],
    [
      -0.20573022014054698,
      0.6237779814336024,
      0.0004137594726659962
    ],
    [
      -0.1577051103222472,
      0.7194488689859286,
      -0.0022801428557049737
    ],
    [
      -0.301271671968494,
      0.6237652116742929,
      0.00010891016931812369
    ],
    [
      -0.2942697798592011,
      0.6237779814339425,
      -0.00041375947268424914
    ],
    [
      -0.24999999999995884,
      0.7119126007430198,
      4.805178632392319e-14
    ],
    [
      -0.39826362943651056,
      0.6313722329949938,
      -0.0016832039244189557
    ],
    [
      -0.3865224818684691,
      0.6314057171146934,
      0.0007007500215889933
    ],
    [
      -0.3422948896776636,
      0.7194488689865948,
      0.0022801428558066315
    ],
    [
      -0.5,
      0.6294566684703019,
      0.019983452350435613
    ],
    [
      -0.5,
      0.6294104145909531,
      -0.02184749391416923
    ],
    [
      -0.4427132675900234,
      0.7434189103817745,
      0.0017323966600941338
    ],
    [
      -5.377671056484056e-17,
      0.8576264672979248,
      -0.021557533273596524
    ],
    [
      -6.288436929126922e-17,
      0.8576091441185838,
      0.021898377134947904
    ],
    [
      -0.10151985379692681,
      0.8314175666195449,
      -0.00022240389303501828
    ],
    [
      -0.11271809458618388,
      0.8314327187560937,
      -0.0013082417136202613
    ],
    [
      -0.04982462490411757,
      0.9568387559197984,
      -0.00907283558550743
    ],
    [
      -0.20197092063443212,
      0.8075267202561384,
      -0.00015045341494495022
    ],
    [
      -0.20351892798208193,
      0.8075288912989302,
      -0.00023593008409552457
    ],
    [
      -0.1521437680696582,
      0.9098410524036484,
      -0.0031993855311672277
    ],
    [
