{
  "mode": "",
  "applied_strain": 0.01,
  "effective_youngs_modulus": 1047.5733658143802,
  "effective_poissons_ratio": 0.0,
  "strain_energy": 130.94667072669043,
  "solve_time": 0.007594585418701172,
  "n_nodes": 90,
  "n_elements": 130,
  "displacements": [
    [
      0.029207110595280028,
      0.05842637431922329,
      -0.012845830375340763
    ],
    [
      0.0696291837602793,
      0.058440975585169114,
      -0.002701136021707263
    ],
    [
      2.4132101799289788e-05,
      0.0002467726107111738,
      -0.0031576980730984787
    ],
    [
      0.04604689326095113,
      0.0003488436371130483,
      -0.007143530655868547
    ],
    [
      1.7267683662638954e-17,
      2.9509702562912584e-17,
      -0.0047345446547364
    ],
    [
      0.07234018818568871,
      0.05303946302889946,
      -0.00455504732785813
    ],
    [
      1.3147230750040626e-05,
      -4.382076834601631e-06,
      -0.0030849408801059395
    ],
    [
      0.031043575169189208,
      -5.926553558315585e-06,
      -0.004163095614006807
    ],
    [
      -2.3231328260206465e-17,
      1.3777916804006802e-17,
      0.0015282844158426491
    ],
    [
      0.038695148386955154,
      0.015238286403597213,
      -0.0009305396624110342
    ],
    [
      1.3147230750049629e-05,
      4.382076834547443e-06,
      -0.0030849408801073416
    ],
    [
      0.031043575169200633,
      5.9265535582395905e-06,
      -0.004163095614006438
    ],
    [
      6.510850641781352e-18,
      -1.2240211600599025e-30,
      0.0015419444708036135
    ],
    [
      0.031036968459451978,
      -1.1454971851682712e-14,
      0.0003759423573945074
    ],
    [
      2.413210179930944e-05,
      -0.00024677261071134215,
      -0.0031576980730998283
    ],
    [
      0.04604689326096891,
      -0.0003488436371132822,
      -0.0071435306558705084
    ],
    [
      -2.3231328260214095e-17,
      -1.3777916804019493e-17,
      0.0015282844158433216
    ],
    [
      0.03869514838696985,
      -0.015238286403603793,
      -0.0009305396624096231
    ],
    [
      0.02920711059529066,
      -0.058426374319244516,
      -0.012845830375344137
    ],
    [
      0.06962918376029721,
      -0.058440975585190354,
      -0.002701136021708462
    ],
    [
      3.453536732529736e-17,
      -2.950970256292976e-17,
      -0.0047345446547383836
    ],
    [
      0.07234018818571179,
      -0.053039463028910404,
      -0.004555047327860332
    ],
    [
      0.10691201781158478,
      0.12220392822122837,
      -0.014827580113655795
    ],
    [
      0.14605792714673793,
      0.12222542736556001,
      -0.000349159390203376
    ],
    [
      0.06497868000321134,
      0.06773826322293593,
      -0.006406626110606412
    ],
    [
      0.11481173589199235,
      0.0677874268960986,
      -0.00954992221829745
    ],
    [
      0.14404580835563768,
      0.12627693255540742,
      -0.005775441843479891
    ],
    [
      0.03870106141133423,
      0.015346756361494202,
      -0.0065420688215015
    ],
    [
      0.10279864494450767,
      0.015387648861268177,
      -0.009661389563679457
    ],
    [
      0.1219140149051008,
      0.0536385984061955,
      -0.004523923172711933
    ],
    [
      0.03870106141133752,
      -0.01534675636152373,
      -0.006542068821501632
    ],
    [
      0.10279864494452455,
      -0.01538764886129777,
      -0.009661389563679354
    ],
    [
      0.11055036746460246,
      -3.168066838315639e-14,
      -0.0031053350743445595
    ],
    [
      0.06497868000323134,
      -0.067738263222953,
      -0.006406626110608641
    ],
    [
      0.1148117358920321,
      -0.06778742689611567,
      -0.009549922218298475
    ],
    [
      0.12191401490512593,
      -0.053638598406241716,
      -0.00452392317271122
    ],
    [
      0.10691201781162296,
      -0.1222039282212695,
      -0.014827580113659831
    ],
    [
      0.14605792714678076,
      -0.12222542736560114,
      -0.0003491593902051574
    ],
    [
      0.14404580835568506,
      -0.12627693255543945,
      -0.0057754418434764416
    ],
    [
      0.17813681660780092,
      0.19446976971723023,
      -0.01562406260551465
    ],
    [
      0.23479629577710023,
      0.19448432058696632,
      -0.00622763248773225
    ],
    [
      0.15115056463318657,
      0.1120988849932287,
      -0.01036183829954936
    ],
    [
      0.21655664031182298,
      0.11214292787414065,
      -0.011222870094172511
    ],
    [
      0.24625936770154486,
      0.17157989281444236,
      -0.007904689098122634
    ],
    [
      0.12966437918504034,
      0.038138333433076675,
      -0.010057517857984309
    ],
    [
      0.20748927915024307,
      0.03814487080537716,
      -0.012568387295381811
    ],
    [
      0.23055168976856072,
      0.0842293901982434,
      -0.00681527979374536
    ],
    [
      0.12966437918504858,
      -0.038138333433156445,
      -0.010057517857977559
    ],
    [
      0.2074892791502051,
      -0.03814487080545697,
      -0.012568387295383118
    ],
    [
      0.22658407389349475,
      -2.0798051414364816e-15,
      -0.006317122438252208
    ],
    [
      0.1511505646332193,
      -0.11209888499329008,
      -0.010361838299542264
    ],
    [
      0.21655664031177616,
      -0.11214292787420212,
      -0.011222870094160476
    ],
    [
      0.23055168976851373,
      -0.08422939019830544,
      -0.006815279793748407
    ],
    [
      0.17813681660781164,
      -0.19446976971718888,
      -0.015624062605499391
    ],
    [
      0.23479629577705582,
      -0.19448432058692494,
      -0.006227632487720663
    ],
    [
      0.2462593677014735,
      -0.17157989281445485,
      -0.007904689098119479
    ],
    [
      0.2817428093847837,
      0.24255254037955018,
      -0.016189344909634695
    ],
    [
      0.34816053174642037,
      0.24256279033005176,
      -0.009528694949617566
    ],
    [
      0.26025706590691605,
      0.1435924455847538,
      -0.011902619135804407
    ],
    [
      0.33732871517914137,
      0.1436146213469769,
      -0.013570877443015978
    ],
    [
      0.3674840888310021,
      0.2039328315483453,
      -0.009269959140911367
    ],
    [
      0.24964499218800362,
      0.046086216253105564,
      -0.012711415868760824
    ],
    [
      0.3348187801985214,
      0.046095501758120404,
      -0.013668438265938467
    ],
    [
      0.3604735546154618,
      0.09738396491295272,
      -0.008430335060515512
    ],
    [
      0.2496449921879946,
      -0.04608621625309167,
      -0.012711415868763688
    ],
    [
      0.33481878019848405,
      -0.04609550175810641,
      -0.013668438265933747
    ],
    [
      0.35789498411916704,
      4.441870392577825e-14,
      -0.007696611707442351
    ],
    [
      0.2602570659068445,
      -0.1435924455847669,
      -0.011902619135793175
    ],
    [
      0.337328715179006,
      -0.14361462134699005,
      -0.013570877443013898
    ],
    [
      0.3604735546153824,
      -0.09738396491285509,
      -0.008430335060517479
    ],
    [
      0.2817428093847003,
      -0.24255254037953877,
      -0.01618934490961835
    ],
    [
      0.34816053174623535,
      -0.24256279033004044,
      -0.009528694949608557
    ],
    [
      0.3674840888308359,
      -0.20393283154829694,
      -0.009269959140921939
    ],
    [
      0.39982272373455663,
      0.2686075921464163,
      -0.014972405370928737
    ],
    [
      0.47210859915886694,
      0.26861063743425234,
      -0.013060346027545374
    ],
    [
      0.3906285216748874,
      0.15765349691202435,
      -0.013712315569662624
    ],
    [
      0.4724143932268938,
      0.1576617948715977,
      -0.013942077264794066
    ],
    [
      0.5,
      0.21283715443163637,
      -0.009891875741288065
    ],
    [
      0.38355076335444094,
      0.051259939550536475,
      -0.013971402689823784
    ],
    [
      0.47434352059943735,
      0.05126213101191984,
      -0.014393381480845664
    ],
    [
      0.5,
      0.10254475742596957,
