{
  "honeycomb": {
    "strains": [
      0.00375,
      0.0075,
      0.01125,
      0.015,
      0.01875,
      0.0225,
      0.02625,
      0.03
    ],
    "stresses": [
      87.6009626976781,
      175.2019253953562,
      262.8028880930098,
      350.4038507907124,
      438.00481348833944,
      525.6057761860196,
      613.2067388837942,
      700.8077015814248
    ]
  },
  "kagome": {
    "strains": [
      0.00375,
      0.0075,
      0.01125,
      0.015,
      0.01875,
      0.0225,
      0.02625,
      0.03
    ],
    "stresses": [
      26507.18801466052,
      53014.37602932104,
      79521.56404398156,
      106028.75205864209,
      132535.94007330263,
      159043.12808796312,
      185550.3161026235,
      212057.50411728417
    ]
  },
  "reentrant": {
    "strains": [
      0.00375,
      0.0075,
      0.01125,
      0.015,
      0.01875,
      0.0225,
      0.02625,
      0.03
    ],
    "stresses": [
      139.75282662568407,
      279.50565325136813,
      514.0770307924992,
      559.0113065027363,
      945.0281543266158,
      1028.1540615849983,
      1214.4266673128252,
      1118.0226130054725
    ]
  },
  "chiral": {
    "strains": [
      0.00375,
      0.0075,
      0.01125,
      0.015,
      0.01875,
      0.0225,
      0.02625,
      0.03
    ],
    "stresses": [
      36.53848333563406,
      73.07696667126812,
      186.25553958996392,
      146.15393334253625,
      345.0088814310138,
      372.51107917992783,
      174.14589481466282,
      292.3078666850725
    ]
  }
}