{
  "mode": "dynamics",
  "energy": 28359762.63653804,
  "time_seconds": 2.154715061187744,
  "n_nodes": 196,
  "n_edges": 216,
  "max_force": 811176.3472472598,
  "max_stretch": 9.111763472472598,
  "mean_stretch": 1.2620159769098391,
  "std_stretch": 1.279651425807331,
  "max_displacement": 15.156812155446168,
  "stiffness": 100000.0,
  "damping": 0.3,
  "dt": 1e-05,
  "num_steps": 500
}